-- phpMyAdmin SQL Dump
-- version 5.2.0
-- https://www.phpmyadmin.net/
--
-- Hôte : 127.0.0.1
-- Généré le : ven. 21 juil. 2023 à 21:19
-- Version du serveur : 10.4.27-MariaDB
-- Version de PHP : 8.0.25

SET SQL_MODE = "NO_AUTO_VALUE_ON_ZERO";
START TRANSACTION;
SET time_zone = "+00:00";


/*!40101 SET @OLD_CHARACTER_SET_CLIENT=@@CHARACTER_SET_CLIENT */;
/*!40101 SET @OLD_CHARACTER_SET_RESULTS=@@CHARACTER_SET_RESULTS */;
/*!40101 SET @OLD_COLLATION_CONNECTION=@@COLLATION_CONNECTION */;
/*!40101 SET NAMES utf8mb4 */;

--
-- Base de données : `e-bank`
--

-- --------------------------------------------------------

--
-- Structure de la table `aoperation`
--

CREATE TABLE `aoperation` (
  `amount` double NOT NULL,
  `id` bigint(20) NOT NULL,
  `operation_date` datetime(6) DEFAULT NULL,
  `bank_account_id` varchar(255) DEFAULT NULL,
  `description` varchar(255) DEFAULT NULL,
  `type` enum('CREDIT','DEBIT') DEFAULT NULL
) ENGINE=InnoDB DEFAULT CHARSET=utf8mb4 COLLATE=utf8mb4_general_ci;

--
-- Déchargement des données de la table `aoperation`
--

INSERT INTO `aoperation` (`amount`, `id`, `operation_date`, `bank_account_id`, `description`, `type`) VALUES
(12362.21082277415, 1, '2023-07-21 20:12:49.000000', '4f9f521c-c002-401a-ae3a-06b25e9a41c3', 'Credit', 'CREDIT'),
(5349.883085680383, 2, '2023-07-21 20:12:49.000000', '4f9f521c-c002-401a-ae3a-06b25e9a41c3', 'Debit', 'DEBIT'),
(12623.621701396409, 3, '2023-07-21 20:12:49.000000', '4f9f521c-c002-401a-ae3a-06b25e9a41c3', 'Credit', 'CREDIT'),
(6965.458709614648, 4, '2023-07-21 20:12:49.000000', '4f9f521c-c002-401a-ae3a-06b25e9a41c3', 'Debit', 'DEBIT'),
(10077.638826504313, 5, '2023-07-21 20:12:49.000000', '4f9f521c-c002-401a-ae3a-06b25e9a41c3', 'Credit', 'CREDIT'),
(7512.510480689639, 6, '2023-07-21 20:12:49.000000', '4f9f521c-c002-401a-ae3a-06b25e9a41c3', 'Debit', 'DEBIT'),
(19244.052452227814, 7, '2023-07-21 20:12:49.000000', '4f9f521c-c002-401a-ae3a-06b25e9a41c3', 'Credit', 'CREDIT'),
(9700.430583134037, 8, '2023-07-21 20:12:49.000000', '4f9f521c-c002-401a-ae3a-06b25e9a41c3', 'Debit', 'DEBIT'),
(10495.772237220292, 9, '2023-07-21 20:12:49.000000', '4f9f521c-c002-401a-ae3a-06b25e9a41c3', 'Credit', 'CREDIT'),
(5789.539410544902, 10, '2023-07-21 20:12:49.000000', '4f9f521c-c002-401a-ae3a-06b25e9a41c3', 'Debit', 'DEBIT'),
(14380.106934814354, 11, '2023-07-21 20:12:49.000000', '4f9f521c-c002-401a-ae3a-06b25e9a41c3', 'Credit', 'CREDIT'),
(3957.901121668688, 12, '2023-07-21 20:12:49.000000', '4f9f521c-c002-401a-ae3a-06b25e9a41c3', 'Debit', 'DEBIT'),
(16963.55851536004, 13, '2023-07-21 20:12:49.000000', '4f9f521c-c002-401a-ae3a-06b25e9a41c3', 'Credit', 'CREDIT'),
(8760.442832222594, 14, '2023-07-21 20:12:49.000000', '4f9f521c-c002-401a-ae3a-06b25e9a41c3', 'Debit', 'DEBIT'),
(11951.795080311156, 15, '2023-07-21 20:12:49.000000', '4f9f521c-c002-401a-ae3a-06b25e9a41c3', 'Credit', 'CREDIT'),
(8322.932655617951, 16, '2023-07-21 20:12:49.000000', '4f9f521c-c002-401a-ae3a-06b25e9a41c3', 'Debit', 'DEBIT'),
(12131.927913971616, 17, '2023-07-21 20:12:49.000000', '4f9f521c-c002-401a-ae3a-06b25e9a41c3', 'Credit', 'CREDIT'),
(8830.917333871159, 18, '2023-07-21 20:12:49.000000', '4f9f521c-c002-401a-ae3a-06b25e9a41c3', 'Debit', 'DEBIT'),
(17695.24198388661, 19, '2023-07-21 20:12:49.000000', '4f9f521c-c002-401a-ae3a-06b25e9a41c3', 'Credit', 'CREDIT'),
(1174.1370481668328, 20, '2023-07-21 20:12:49.000000', '4f9f521c-c002-401a-ae3a-06b25e9a41c3', 'Debit', 'DEBIT'),
(18486.866016145304, 21, '2023-07-21 20:12:49.000000', '5cb1346d-4df4-4284-a5c6-9c11842297ec', 'Credit', 'CREDIT'),
(5900.585204910712, 22, '2023-07-21 20:12:49.000000', '5cb1346d-4df4-4284-a5c6-9c11842297ec', 'Debit', 'DEBIT'),
(10643.700655821598, 23, '2023-07-21 20:12:49.000000', '5cb1346d-4df4-4284-a5c6-9c11842297ec', 'Credit', 'CREDIT'),
(1047.2184142556537, 24, '2023-07-21 20:12:49.000000', '5cb1346d-4df4-4284-a5c6-9c11842297ec', 'Debit', 'DEBIT'),
(11060.000896025245, 25, '2023-07-21 20:12:49.000000', '5cb1346d-4df4-4284-a5c6-9c11842297ec', 'Credit', 'CREDIT'),
(8837.977114165515, 26, '2023-07-21 20:12:49.000000', '5cb1346d-4df4-4284-a5c6-9c11842297ec', 'Debit', 'DEBIT'),
(14485.53138707807, 27, '2023-07-21 20:12:49.000000', '5cb1346d-4df4-4284-a5c6-9c11842297ec', 'Credit', 'CREDIT'),
(4581.451774117213, 28, '2023-07-21 20:12:50.000000', '5cb1346d-4df4-4284-a5c6-9c11842297ec', 'Debit', 'DEBIT'),
(18825.909605115197, 29, '2023-07-21 20:12:50.000000', '5cb1346d-4df4-4284-a5c6-9c11842297ec', 'Credit', 'CREDIT'),
(2533.093130229401, 30, '2023-07-21 20:12:50.000000', '5cb1346d-4df4-4284-a5c6-9c11842297ec', 'Debit', 'DEBIT'),
(14577.830332865136, 31, '2023-07-21 20:12:50.000000', '5cb1346d-4df4-4284-a5c6-9c11842297ec', 'Credit', 'CREDIT'),
(2698.7796042283844, 32, '2023-07-21 20:12:50.000000', '5cb1346d-4df4-4284-a5c6-9c11842297ec', 'Debit', 'DEBIT'),
(16680.062386369682, 33, '2023-07-21 20:12:50.000000', '5cb1346d-4df4-4284-a5c6-9c11842297ec', 'Credit', 'CREDIT'),
(9001.933948766437, 34, '2023-07-21 20:12:50.000000', '5cb1346d-4df4-4284-a5c6-9c11842297ec', 'Debit', 'DEBIT'),
(16968.61559065878, 35, '2023-07-21 20:12:50.000000', '5cb1346d-4df4-4284-a5c6-9c11842297ec', 'Credit', 'CREDIT'),
(3384.946164965687, 36, '2023-07-21 20:12:50.000000', '5cb1346d-4df4-4284-a5c6-9c11842297ec', 'Debit', 'DEBIT'),
(20653.046582044168, 37, '2023-07-21 20:12:50.000000', '5cb1346d-4df4-4284-a5c6-9c11842297ec', 'Credit', 'CREDIT'),
(8002.754469687719, 38, '2023-07-21 20:12:50.000000', '5cb1346d-4df4-4284-a5c6-9c11842297ec', 'Debit', 'DEBIT'),
(21729.69250124481, 39, '2023-07-21 20:12:50.000000', '5cb1346d-4df4-4284-a5c6-9c11842297ec', 'Credit', 'CREDIT'),
(7943.061428980634, 40, '2023-07-21 20:12:50.000000', '5cb1346d-4df4-4284-a5c6-9c11842297ec', 'Debit', 'DEBIT'),
(11153.426136747785, 41, '2023-07-21 20:12:50.000000', 'b36c58cd-e505-4bb8-abcd-44a2d38ffeb4', 'Credit', 'CREDIT'),
(1890.383290292793, 42, '2023-07-21 20:12:50.000000', 'b36c58cd-e505-4bb8-abcd-44a2d38ffeb4', 'Debit', 'DEBIT'),
(14226.544020836629, 43, '2023-07-21 20:12:50.000000', 'b36c58cd-e505-4bb8-abcd-44a2d38ffeb4', 'Credit', 'CREDIT'),
(9872.20943934756, 44, '2023-07-21 20:12:50.000000', 'b36c58cd-e505-4bb8-abcd-44a2d38ffeb4', 'Debit', 'DEBIT'),
(18543.316216503823, 45, '2023-07-21 20:12:50.000000', 'b36c58cd-e505-4bb8-abcd-44a2d38ffeb4', 'Credit', 'CREDIT'),
(2982.8139452137457, 46, '2023-07-21 20:12:50.000000', 'b36c58cd-e505-4bb8-abcd-44a2d38ffeb4', 'Debit', 'DEBIT'),
(16650.80391098684, 47, '2023-07-21 20:12:50.000000', 'b36c58cd-e505-4bb8-abcd-44a2d38ffeb4', 'Credit', 'CREDIT'),
(5587.199781947197, 48, '2023-07-21 20:12:50.000000', 'b36c58cd-e505-4bb8-abcd-44a2d38ffeb4', 'Debit', 'DEBIT'),
(20237.46770767004, 49, '2023-07-21 20:12:50.000000', 'b36c58cd-e505-4bb8-abcd-44a2d38ffeb4', 'Credit', 'CREDIT'),
(7543.364183228774, 50, '2023-07-21 20:12:50.000000', 'b36c58cd-e505-4bb8-abcd-44a2d38ffeb4', 'Debit', 'DEBIT'),
(16215.095920070475, 51, '2023-07-21 20:12:50.000000', 'b36c58cd-e505-4bb8-abcd-44a2d38ffeb4', 'Credit', 'CREDIT'),
(3040.281958894285, 52, '2023-07-21 20:12:50.000000', 'b36c58cd-e505-4bb8-abcd-44a2d38ffeb4', 'Debit', 'DEBIT'),
(14778.37538564959, 53, '2023-07-21 20:12:50.000000', 'b36c58cd-e505-4bb8-abcd-44a2d38ffeb4', 'Credit', 'CREDIT'),
(9592.062615278623, 54, '2023-07-21 20:12:50.000000', 'b36c58cd-e505-4bb8-abcd-44a2d38ffeb4', 'Debit', 'DEBIT'),
(11859.23605161771, 55, '2023-07-21 20:12:50.000000', 'b36c58cd-e505-4bb8-abcd-44a2d38ffeb4', 'Credit', 'CREDIT'),
(6931.621049774696, 56, '2023-07-21 20:12:50.000000', 'b36c58cd-e505-4bb8-abcd-44a2d38ffeb4', 'Debit', 'DEBIT'),
(19976.645279551183, 57, '2023-07-21 20:12:50.000000', 'b36c58cd-e505-4bb8-abcd-44a2d38ffeb4', 'Credit', 'CREDIT'),
(7151.513574985876, 58, '2023-07-21 20:12:50.000000', 'b36c58cd-e505-4bb8-abcd-44a2d38ffeb4', 'Debit', 'DEBIT'),
(10141.017994317179, 59, '2023-07-21 20:12:50.000000', 'b36c58cd-e505-4bb8-abcd-44a2d38ffeb4', 'Credit', 'CREDIT'),
(1602.5598914062157, 60, '2023-07-21 20:12:50.000000', 'b36c58cd-e505-4bb8-abcd-44a2d38ffeb4', 'Debit', 'DEBIT'),
(21217.572264636514, 61, '2023-07-21 20:12:50.000000', 'd5792326-f168-47ff-8c46-4b921376109c', 'Credit', 'CREDIT'),
(6205.347883017293, 62, '2023-07-21 20:12:50.000000', 'd5792326-f168-47ff-8c46-4b921376109c', 'Debit', 'DEBIT'),
(17184.01540826227, 63, '2023-07-21 20:12:50.000000', 'd5792326-f168-47ff-8c46-4b921376109c', 'Credit', 'CREDIT'),
(8894.167290114285, 64, '2023-07-21 20:12:50.000000', 'd5792326-f168-47ff-8c46-4b921376109c', 'Debit', 'DEBIT'),
(16421.59713022141, 65, '2023-07-21 20:12:50.000000', 'd5792326-f168-47ff-8c46-4b921376109c', 'Credit', 'CREDIT'),
(8601.470356059406, 66, '2023-07-21 20:12:50.000000', 'd5792326-f168-47ff-8c46-4b921376109c', 'Debit', 'DEBIT'),
(17129.059227947033, 67, '2023-07-21 20:12:50.000000', 'd5792326-f168-47ff-8c46-4b921376109c', 'Credit', 'CREDIT'),
(8223.302086188587, 68, '2023-07-21 20:12:50.000000', 'd5792326-f168-47ff-8c46-4b921376109c', 'Debit', 'DEBIT'),
(13908.036515324944, 69, '2023-07-21 20:12:50.000000', 'd5792326-f168-47ff-8c46-4b921376109c', 'Credit', 'CREDIT'),
(5367.659522021162, 70, '2023-07-21 20:12:50.000000', 'd5792326-f168-47ff-8c46-4b921376109c', 'Debit', 'DEBIT'),
(18485.26038763747, 71, '2023-07-21 20:12:50.000000', 'd5792326-f168-47ff-8c46-4b921376109c', 'Credit', 'CREDIT'),
(3879.396745986505, 72, '2023-07-21 20:12:50.000000', 'd5792326-f168-47ff-8c46-4b921376109c', 'Debit', 'DEBIT'),
(14548.18986588312, 73, '2023-07-21 20:12:50.000000', 'd5792326-f168-47ff-8c46-4b921376109c', 'Credit', 'CREDIT'),
(5423.684028221465, 74, '2023-07-21 20:12:50.000000', 'd5792326-f168-47ff-8c46-4b921376109c', 'Debit', 'DEBIT'),
(20100.67557876656, 75, '2023-07-21 20:12:50.000000', 'd5792326-f168-47ff-8c46-4b921376109c', 'Credit', 'CREDIT'),
(1077.3906825857214, 76, '2023-07-21 20:12:50.000000', 'd5792326-f168-47ff-8c46-4b921376109c', 'Debit', 'DEBIT'),
(14105.654986501715, 77, '2023-07-21 20:12:50.000000', 'd5792326-f168-47ff-8c46-4b921376109c', 'Credit', 'CREDIT'),
(3471.9485801099854, 78, '2023-07-21 20:12:50.000000', 'd5792326-f168-47ff-8c46-4b921376109c', 'Debit', 'DEBIT'),
(14171.92201609333, 79, '2023-07-21 20:12:50.000000', 'd5792326-f168-47ff-8c46-4b921376109c', 'Credit', 'CREDIT'),
(6615.721091635272, 80, '2023-07-21 20:12:50.000000', 'd5792326-f168-47ff-8c46-4b921376109c', 'Debit', 'DEBIT'),
(15548.392967799315, 81, '2023-07-21 20:12:50.000000', 'eee78be6-d71d-448d-91ca-8977314a59b9', 'Credit', 'CREDIT'),
(6927.782396778228, 82, '2023-07-21 20:12:50.000000', 'eee78be6-d71d-448d-91ca-8977314a59b9', 'Debit', 'DEBIT'),
(16786.27748910504, 83, '2023-07-21 20:12:50.000000', 'eee78be6-d71d-448d-91ca-8977314a59b9', 'Credit', 'CREDIT'),
(7083.00652811808, 84, '2023-07-21 20:12:50.000000', 'eee78be6-d71d-448d-91ca-8977314a59b9', 'Debit', 'DEBIT'),
(16378.812891195972, 85, '2023-07-21 20:12:50.000000', 'eee78be6-d71d-448d-91ca-8977314a59b9', 'Credit', 'CREDIT'),
(8110.836859580646, 86, '2023-07-21 20:12:50.000000', 'eee78be6-d71d-448d-91ca-8977314a59b9', 'Debit', 'DEBIT'),
(16939.00896760154, 87, '2023-07-21 20:12:50.000000', 'eee78be6-d71d-448d-91ca-8977314a59b9', 'Credit', 'CREDIT'),
(7433.031852915325, 88, '2023-07-21 20:12:50.000000', 'eee78be6-d71d-448d-91ca-8977314a59b9', 'Debit', 'DEBIT'),
(16664.85418881943, 89, '2023-07-21 20:12:50.000000', 'eee78be6-d71d-448d-91ca-8977314a59b9', 'Credit', 'CREDIT'),
(4560.660360742604, 90, '2023-07-21 20:12:50.000000', 'eee78be6-d71d-448d-91ca-8977314a59b9', 'Debit', 'DEBIT'),
(10792.90070380979, 91, '2023-07-21 20:12:50.000000', 'eee78be6-d71d-448d-91ca-8977314a59b9', 'Credit', 'CREDIT'),
(5404.872871858694, 92, '2023-07-21 20:12:50.000000', 'eee78be6-d71d-448d-91ca-8977314a59b9', 'Debit', 'DEBIT'),
(15466.773140001003, 93, '2023-07-21 20:12:50.000000', 'eee78be6-d71d-448d-91ca-8977314a59b9', 'Credit', 'CREDIT'),
(9262.369475650477, 94, '2023-07-21 20:12:50.000000', 'eee78be6-d71d-448d-91ca-8977314a59b9', 'Debit', 'DEBIT'),
(15146.16965648231, 95, '2023-07-21 20:12:50.000000', 'eee78be6-d71d-448d-91ca-8977314a59b9', 'Credit', 'CREDIT'),
(6703.474513755386, 96, '2023-07-21 20:12:50.000000', 'eee78be6-d71d-448d-91ca-8977314a59b9', 'Debit', 'DEBIT'),
(14741.051630249582, 97, '2023-07-21 20:12:50.000000', 'eee78be6-d71d-448d-91ca-8977314a59b9', 'Credit', 'CREDIT'),
(2772.4376925932042, 98, '2023-07-21 20:12:50.000000', 'eee78be6-d71d-448d-91ca-8977314a59b9', 'Debit', 'DEBIT'),
(20649.168592537324, 99, '2023-07-21 20:12:50.000000', 'eee78be6-d71d-448d-91ca-8977314a59b9', 'Credit', 'CREDIT'),
(6075.722709759441, 100, '2023-07-21 20:12:50.000000', 'eee78be6-d71d-448d-91ca-8977314a59b9', 'Debit', 'DEBIT'),
(14564.569236225801, 101, '2023-07-21 20:12:50.000000', 'f4a7b9d8-b61f-46e2-866b-7b69fb8b151e', 'Credit', 'CREDIT'),
(5719.971343188375, 102, '2023-07-21 20:12:50.000000', 'f4a7b9d8-b61f-46e2-866b-7b69fb8b151e', 'Debit', 'DEBIT'),
(11259.506677758689, 103, '2023-07-21 20:12:51.000000', 'f4a7b9d8-b61f-46e2-866b-7b69fb8b151e', 'Credit', 'CREDIT'),
(8418.025769226548, 104, '2023-07-21 20:12:51.000000', 'f4a7b9d8-b61f-46e2-866b-7b69fb8b151e', 'Debit', 'DEBIT'),
(17658.896407324286, 105, '2023-07-21 20:12:51.000000', 'f4a7b9d8-b61f-46e2-866b-7b69fb8b151e', 'Credit', 'CREDIT'),
(1925.4510330663193, 106, '2023-07-21 20:12:51.000000', 'f4a7b9d8-b61f-46e2-866b-7b69fb8b151e', 'Debit', 'DEBIT'),
(21749.426198964553, 107, '2023-07-21 20:12:51.000000', 'f4a7b9d8-b61f-46e2-866b-7b69fb8b151e', 'Credit', 'CREDIT'),
(2833.650288362387, 108, '2023-07-21 20:12:51.000000', 'f4a7b9d8-b61f-46e2-866b-7b69fb8b151e', 'Debit', 'DEBIT'),
(20706.28682577587, 109, '2023-07-21 20:12:51.000000', 'f4a7b9d8-b61f-46e2-866b-7b69fb8b151e', 'Credit', 'CREDIT'),
(2426.7601605066093, 110, '2023-07-21 20:12:51.000000', 'f4a7b9d8-b61f-46e2-866b-7b69fb8b151e', 'Debit', 'DEBIT'),
(17778.49838628931, 111, '2023-07-21 20:12:51.000000', 'f4a7b9d8-b61f-46e2-866b-7b69fb8b151e', 'Credit', 'CREDIT'),
(6121.530358046126, 112, '2023-07-21 20:12:51.000000', 'f4a7b9d8-b61f-46e2-866b-7b69fb8b151e', 'Debit', 'DEBIT'),
(10835.662538449298, 113, '2023-07-21 20:12:51.000000', 'f4a7b9d8-b61f-46e2-866b-7b69fb8b151e', 'Credit', 'CREDIT'),
(3031.4287302593084, 114, '2023-07-21 20:12:51.000000', 'f4a7b9d8-b61f-46e2-866b-7b69fb8b151e', 'Debit', 'DEBIT'),
(15118.919310504178, 115, '2023-07-21 20:12:51.000000', 'f4a7b9d8-b61f-46e2-866b-7b69fb8b151e', 'Credit', 'CREDIT'),
(5522.997382685622, 116, '2023-07-21 20:12:51.000000', 'f4a7b9d8-b61f-46e2-866b-7b69fb8b151e', 'Debit', 'DEBIT'),
(11918.609754621866, 117, '2023-07-21 20:12:51.000000', 'f4a7b9d8-b61f-46e2-866b-7b69fb8b151e', 'Credit', 'CREDIT'),
(4624.3734546005035, 118, '2023-07-21 20:12:51.000000', 'f4a7b9d8-b61f-46e2-866b-7b69fb8b151e', 'Debit', 'DEBIT'),
(14069.903165789668, 119, '2023-07-21 20:12:51.000000', 'f4a7b9d8-b61f-46e2-866b-7b69fb8b151e', 'Credit', 'CREDIT'),
(5678.852867991253, 120, '2023-07-21 20:12:51.000000', 'f4a7b9d8-b61f-46e2-866b-7b69fb8b151e', 'Debit', 'DEBIT');

-- --------------------------------------------------------

--
-- Structure de la table `bank_account`
--

CREATE TABLE `bank_account` (
  `balance` double NOT NULL,
  `interest_rate` double DEFAULT NULL,
  `over_draft` double DEFAULT NULL,
  `type` varchar(4) NOT NULL,
  `createdat` datetime(6) DEFAULT NULL,
  `customer_id` bigint(20) DEFAULT NULL,
  `id` varchar(255) NOT NULL,
  `status` enum('ACTIVATED','CREATED','SUSPENDED') DEFAULT NULL
) ENGINE=InnoDB DEFAULT CHARSET=utf8mb4 COLLATE=utf8mb4_general_ci;

--
-- Déchargement des données de la table `bank_account`
--

INSERT INTO `bank_account` (`balance`, `interest_rate`, `over_draft`, `type`, `createdat`, `customer_id`, `id`, `status`) VALUES
(78304.83544414162, 5.5, NULL, 'SAV', '2023-07-21 20:12:49.000000', 1, '4f9f521c-c002-401a-ae3a-06b25e9a41c3', NULL),
(111914.97154910931, NULL, 9000, 'CUR', '2023-07-21 20:12:49.000000', 3, '5cb1346d-4df4-4284-a5c6-9c11842297ec', NULL),
(125872.75679407257, NULL, 9000, 'CUR', '2023-07-21 20:12:49.000000', 1, 'b36c58cd-e505-4bb8-abcd-44a2d38ffeb4', NULL),
(120632.62515748841, 5.5, NULL, 'SAV', '2023-07-21 20:12:49.000000', 2, 'd5792326-f168-47ff-8c46-4b921376109c', NULL),
(113225.3470015273, NULL, 9000, 'CUR', '2023-07-21 20:12:49.000000', 2, 'eee78be6-d71d-448d-91ca-8977314a59b9', NULL),
(116650.10131072185, 5.5, NULL, 'SAV', '2023-07-21 20:12:49.000000', 3, 'f4a7b9d8-b61f-46e2-866b-7b69fb8b151e', NULL);

-- --------------------------------------------------------

--
-- Structure de la table `customer`
--

CREATE TABLE `customer` (
  `id` bigint(20) NOT NULL,
  `email` varchar(255) DEFAULT NULL,
  `name` varchar(255) DEFAULT NULL
) ENGINE=InnoDB DEFAULT CHARSET=utf8mb4 COLLATE=utf8mb4_general_ci;

--
-- Déchargement des données de la table `customer`
--

INSERT INTO `customer` (`id`, `email`, `name`) VALUES
(1, 'amal@gmail.com', 'amal'),
(2, 'samia@gmail.com', 'samia'),
(3, 'ali@gmail.com', 'ali'),
(4, 'ilhamezari@gmail.com', 'ilham');

--
-- Index pour les tables déchargées
--

--
-- Index pour la table `aoperation`
--
ALTER TABLE `aoperation`
  ADD PRIMARY KEY (`id`),
  ADD KEY `FK9dxw3m2v2mjb7si0hxywii30s` (`bank_account_id`);

--
-- Index pour la table `bank_account`
--
ALTER TABLE `bank_account`
  ADD PRIMARY KEY (`id`),
  ADD KEY `FKj818ht4ban0c4uw4bmsbf3jme` (`customer_id`);

--
-- Index pour la table `customer`
--
ALTER TABLE `customer`
  ADD PRIMARY KEY (`id`);

--
-- AUTO_INCREMENT pour les tables déchargées
--

--
-- AUTO_INCREMENT pour la table `aoperation`
--
ALTER TABLE `aoperation`
  MODIFY `id` bigint(20) NOT NULL AUTO_INCREMENT, AUTO_INCREMENT=121;

--
-- AUTO_INCREMENT pour la table `customer`
--
ALTER TABLE `customer`
  MODIFY `id` bigint(20) NOT NULL AUTO_INCREMENT, AUTO_INCREMENT=5;

--
-- Contraintes pour les tables déchargées
--

--
-- Contraintes pour la table `aoperation`
--
ALTER TABLE `aoperation`
  ADD CONSTRAINT `FK9dxw3m2v2mjb7si0hxywii30s` FOREIGN KEY (`bank_account_id`) REFERENCES `bank_account` (`id`);

--
-- Contraintes pour la table `bank_account`
--
ALTER TABLE `bank_account`
  ADD CONSTRAINT `FKj818ht4ban0c4uw4bmsbf3jme` FOREIGN KEY (`customer_id`) REFERENCES `customer` (`id`);
COMMIT;

/*!40101 SET CHARACTER_SET_CLIENT=@OLD_CHARACTER_SET_CLIENT */;
/*!40101 SET CHARACTER_SET_RESULTS=@OLD_CHARACTER_SET_RESULTS */;
/*!40101 SET COLLATION_CONNECTION=@OLD_COLLATION_CONNECTION */;
